INSERT INTO `workstation_type` (`id`, `name`)
VALUES (1, 'Farm'),
       (2, 'Pen/Pasture'),
       (3, 'Beehive'),
       (4, 'Butcher'),
       (5, 'Fishery'),
       (6, 'Millstone'),
       (7, 'Stove'),
       (8, 'Other'),
       (10, 'Oven'),
       (13, 'Brewery'),
       (14, 'Distillery');


INSERT INTO `resource` (`id`, `saturation`, `name`)
VALUES (1, NULL, 'chicken'),
       (2, NULL, 'sheep'),
       (3, NULL, 'goat'),
       (4, NULL, 'pig'),
       (5, NULL, 'cow'),
       (6, -10, 'raw chicken'),
       (7, -5, 'raw mutton'),
       (8, -5, 'raw pork'),
       (9, 1000, 'legendary meat'),
       (10, 6, 'honey'),
       (11, -10, 'raw egg'),
       (12, 1, 'milk'),
       (13, 3, 'yogurt'),
       (14, NULL, 'rice'),
       (15, NULL, 'urad dal'),
       (16, NULL, 'wheat'),
       (17, 2, 'coconut'),
       (18, NULL, 'sugarcane'),
       (19, NULL, 'fenugreek seeds'),
       (20, NULL, 'rice flour'),
       (21, NULL, 'urad dal flour'),
       (22, NULL, 'wheat flour'),
       (23, NULL, 'mixed flour'),
       (24, 2, 'coconut milk'),
       (25, 2, 'sugar'),
       (26, 10, 'appam'),
       (27, 11, 'dosa'),
       (28, 9, 'idli'),
       (29, 16, 'naan'),
       (30, 11, 'paratha'),
       (31, 10, 'papadum'),
       (32, 9, 'roti'),
       (33, 13, 'vada'),
       (34, 1, 'ghee');

INSERT INTO `job` (`id`, `workstation_type_id`, `name`)
VALUES (1, 2, 'raise chicken'),
       (2, 2, 'raise sheep'),
       (3, 2, 'raise goat'),
       (4, 2, 'raise pig'),
       (5, 2, 'raise cow'),
       (6, 2, 'collect eggs'),
       (7, 4, 'slaughter chicken'),
       (8, 4, 'slaughter sheep'),
       (9, 4, 'slaughter goat'),
       (10, 4, 'slaughter pig'),
       (11, 4, 'slaughter cow'),
       (12, 3, 'collect honey'),
       (13, 2, 'milk cow'),
       (14, 8, 'make yogurt'),
       (15, 1, 'grow rice'),
       (16, 1, 'grow urad dal'),
       (17, 1, 'grow wheat'),
       (18, 1, 'grow coconut'),
       (19, 1, 'grow sugarcane'),
       (20, 1, 'grow fenugreek'),
       (21, 8, 'make ghee'),
       (22, 6, 'grind rice'),
       (23, 6, 'grind urad dal'),
       (24, 6, 'grind wheat'),
       (25, 6, 'mix rice and wheat flour'),
       (26, 6, 'grind coconut meat'),
       (27, 8, 'extract sugar'),
       (28, 7, 'bake appam'),
       (29, 7, 'bake dosa'),
       (30, 7, 'steam idli'),
       (31, 7, 'bake naan'),
       (32, 7, 'bake paratha'),
       (33, 7, 'bake papadum'),
       (34, 7, 'bake roti'),
       (35, 7, 'fry vada');


INSERT INTO `job_input` (`amount`, `id`, `job_id`, `resource_id`)
VALUES (1, 1, 7, 1),
       (1, 2, 8, 2),
       (1, 3, 9, 3),
       (1, 4, 10, 4),
       (1, 5, 11, 5),
       (1, 7, 13, 5),
       (3, 8, 14, 12),
       (5, 9, 21, 12),
       (6, 10, 22, 14),
       (6, 11, 23, 15),
       (6, 12, 24, 16),
       (3, 13, 25, 20),
       (3, 14, 25, 22),
       (1, 15, 26, 17),
       (10, 16, 27, 18),
       (1, 17, 28, 20),
       (1, 18, 28, 24),
       (1, 19, 28, 25),
       (1, 20, 29, 14),
       (1, 21, 29, 15),
       (1, 22, 29, 19),
       (1, 23, 30, 14),
       (1, 24, 30, 15),
       (1, 25, 31, 23),
       (1, 26, 31, 13),
       (1, 27, 31, 12),
       (1, 28, 31, 25),
       (1, 29, 31, 34),
       (1, 30, 32, 22),
       (1, 31, 32, 34),
       (1, 32, 33, 21),
       (1, 33, 34, 22),
       (1, 34, 35, 15),
       (1, 35, 35, 34),
       (1, 36, 6, 1);

INSERT INTO `job_product` (`amount`, `id`, `job_id`, `resource_id`)
VALUES (2, 1, 1, 1),
       (1, 2, 2, 2),
       (1, 3, 3, 3),
       (1, 4, 4, 4),
       (1, 5, 5, 5),
       (12, 6, 6, 11),
       (2, 7, 7, 6),
       (4, 8, 8, 7),
       (3, 9, 9, 7),
       (7, 10, 10, 8),
       (6, 11, 11, 9),
       (3, 12, 12, 10),
       (12, 13, 13, 12),
       (10, 14, 15, 14),
       (10, 15, 16, 15),
       (10, 16, 17, 16),
       (5, 17, 18, 17),
       (25, 18, 19, 18),
       (30, 19, 20, 19),
       (3, 20, 14, 13),
       (1, 21, 21, 34),
       (4, 22, 22, 20),
       (4, 23, 23, 21),
       (4, 24, 24, 22),
       (6, 25, 25, 23),
       (1, 26, 26, 24),
       (2, 27, 27, 25),
       (5, 28, 28, 26),
       (5, 29, 29, 27),
       (3, 30, 30, 28),
       (3, 31, 31, 29),
       (3, 32, 32, 30),
       (3, 33, 33, 31),
       (3, 34, 34, 32),
       (3, 35, 35, 33);
